{"cameraMode":{"drawMode":0,"name":"Shaded","section":"Shading Mode"},"sceneLighting":true,"audioPlay":false,"sceneViewState":{"m_AlwaysRefresh":false,"showFog":true,"showSkybox":true,"showFlares":true,"showImageEffects":true,"showParticleSystems":true,"showVisualEffectGraphs":true,"m_FxEnabled":true},"in2DMode":false,"pivot":{"x":3.20831561088562,"y":0.6678899526596069,"z":1.7260613441467286},"rotation":{"x":-0.4569934010505676,"y":-0.046573568135499957,"z":0.023969631642103196,"w":-0.8879454731941223},"size":7.427949905395508,"orthographic":false}