{"cameraMode":{"drawMode":0,"name":"Shaded","section":"Shading Mode"},"sceneLighting":true,"audioPlay":false,"sceneViewState":{"m_AlwaysRefresh":false,"showFog":true,"showSkybox":true,"showFlares":true,"showImageEffects":true,"showParticleSystems":true,"showVisualEffectGraphs":true,"m_FxEnabled":true},"in2DMode":false,"pivot":{"x":-1.2382475137710572,"y":-2.748760938644409,"z":1.1800079345703126},"rotation":{"x":-0.30303001403808596,"y":0.09044888615608216,"z":-0.028903169557452203,"w":-0.9482519626617432},"size":4.459123611450195,"orthographic":false}